T,TM,Tm,SLP,H,VV,V,VM,PM2.5
14.9,21.6,8.8,1017.4,76,0.8,0.9,7.6,313.22
14.7,21.6,10.2,1018.1,97,0.6,3.1,9.4,87.18
15,16.8,13.6,1017.5,94,0.5,0.9,7.6,146.6
9.8,17.6,6.4,1016.6,90,0.5,3.9,11.1,217.87
10.1,14.5,7.2,1019.2,90,0.3,3.3,7.6,201.66
10.5,16.3,6.8,1020.1,84,0.5,1.5,5.4,205.41
12.3,18.3,4,1017.1,81,0.5,4.8,9.4,197.61
12.1,18.3,9,1017.5,86,0.6,5.2,9.4,166.19
12.3,19,5.8,1019.3,82,0.5,0.9,7.6,196.46
13.9,21.6,9.4,1019,79,1,1.9,14.8,183.35
13.4,20.7,9.8,1020.1,80,0.8,7.2,11.1,159.54
13.3,17.5,9.5,1021.2,79,0.8,3.7,7.6,128.73
13.1,18.3,8.5,1020.6,80,0.8,4.1,14.8,148.59
13.7,18.3,11.6,1019.9,91,0.6,0.9,7.6,154.2
13.3,18.4,9.8,1019.3,79,1,5.2,14.8,173.13
13.8,21.5,7.2,1018,60,2.4,9.1,24.1,158.59
15.1,24,6.7,1017.6,66,1.3,5,11.1,163.64
17.3,23.8,10.4,1017.5,70,1,11.9,18.3,137.26
16.7,23.8,13,1020.7,75,0.8,7.2,14.8,151.6
15.7,25.6,7.4,1016.9,68,1.4,1.9,7.6,145.34
16.7,25.6,9.3,1017.5,66,1.4,4.4,13,153.07
16.9,25.5,10.5,1019.9,65,2.3,5.6,22.2,177.98
17.2,25.5,9.3,1012.8,61,2.4,6.7,20.6,193.96
19.3,28.6,10.6,1009.5,65,2.6,4.3,14.8,152.62
18.9,28.6,11.2,1012.8,73,0.8,1.5,7.6,188.2
22.9,29.3,17,1012.4,78,1.6,7.6,14.8,144.12
22.8,29.3,18,1013.7,72,1.9,7.2,14.8,124.1
21.9,29.1,15.2,1014.1,69,2.3,11.3,18.3,170.16
23.2,28.6,18.4,1008.5,65,1.4,6.5,13,140.78
20,27.6,14.5,1009.8,42,1.9,6.7,11.1,105.86
19.2,27.6,11.1,1013,49,2.6,5.7,11.1,53.71
17.3,19,15.2,1011,94,1.8,14.8,24.1,91.07
17.4,22.1,14.6,1012.6,92,1.9,6.7,16.5,101.75
16.1,22.1,12.8,1013.8,84,1.8,5.6,13,63.24
18.6,27.3,12.5,1014,79,2.6,3.9,13,86.7
19.4,27.6,14,1015.2,79,2.3,7.8,18.3,115.93
18.1,24.1,13.3,1021.1,60,2.7,12.2,20.6,67.94
21.3,28.3,14.2,1014.7,70,1.6,4.1,9.4,45.39
21.6,27.3,15.8,1015.3,71,2.6,7.8,20.6,50.59
17.7,27.3,16,1015.3,92,1.9,11.5,18.3,96.62
21.1,28.3,14,1014.8,69,2.4,5.4,13,72.2
22.5,30.2,14.5,1014.8,68,2.6,9.1,22.2,91.87
24.9,31.7,15.8,1014.8,65,2.6,5.9,13,109.78
26.8,35.1,18.5,1011.7,68,2.3,2.6,11.1,102.22
28.6,36.5,20.3,1012.4,59,1.8,9.3,55.4,44.19
27.7,35.6,20.4,1011.7,54,2.7,7.4,24.1,112.86
25.1,30.8,19,1010.4,70,2.1,3.7,11.1,66.52
26.4,32.5,20.3,1007.4,64,1.9,2.4,9.4,78.61
28.7,34.7,21,1004.7,53,1.9,9.4,18.3,66.09
24.4,34.7,19,1004.6,76,3.1,7,14.8,63.57
23.9,31.4,19.2,1010.2,69,1.9,9.8,13,131.39
25.2,32.2,18.2,1012,56,2.6,6.7,16.5,86.49
25.8,32.5,18.6,1010.3,58,2.7,9.1,24.1,98.79
24.9,32.2,19,1013.7,74,2.3,7,13,65.78
26.4,32.5,20,1012.8,68,2.6,3,11.1,125.53
27.6,34.3,20.8,1013,65,3.1,5.9,14.8,114.5
32,40.6,21.6,1003.9,45,2.7,4.3,9.4,118.57
32.8,40.6,26,1005.8,45,1.9,7.2,11.1,106.76
31.8,39.6,25.4,1005.6,35,1.9,11.1,27.8,67.08
30.4,39.1,22.2,1005.9,51,1.9,13,22.2,63.76
28.8,37.1,22.8,1008,59,1.9,15.7,25.9,76.1
30.2,37.1,23.5,1006.7,59,1.9,17.6,33.5,121.94
31.2,39.4,24.2,1005.8,52,2.7,5.4,14.8,145.99
30.2,37.6,23.6,1006.3,47,2.6,4.4,11.1,117.76
30.9,38.9,21.7,1006.7,44,2.7,3,11.1,106.4
35.7,42.7,27.6,1003.4,21,1.9,14.4,27.8,97.57
34.1,42.7,27,1003.2,29,1.9,12.2,27.8,83.42
35.1,42.7,25.7,1001.6,35,2.3,8.3,18.3,97.87
28.3,38.7,23.8,1006.5,65,2.4,7.8,14.8,97.16
29.9,35.9,22,1007.4,56,2.6,4.4,11.1,89.85
28.7,35.8,24.2,1006.5,58,1.9,7,18.3,75.54
31.4,41.5,24.9,1002.2,50,1.8,14.8,50,69.02
33.2,41.5,22.4,1002,38,2.4,14.6,22.2,117.27
35.8,42.6,27,1000.4,30,2.6,11.3,24.1,84.71
37.8,45.5,28,996.7,29,2.6,10.9,22.2,106.61
35.3,45.5,24.4,999.2,33,2.3,17,55.4,73.62
33.8,45,24.8,1001.3,26,2.6,6.7,18.3,52.51
35.3,40.6,28.9,1000.7,30,1.9,15.2,27.8,85.45
30.1,40.6,23.5,1002.2,47,1.9,14.3,29.4,44.54
31.6,39.9,22.2,1003.4,46,1.9,8.5,20.6,137.7
28.7,34.1,23.6,1004.3,59,1.9,6.7,11.1,63.77
35.1,42.5,26,999.4,42,2.6,7.2,16.5,83.29
36.3,42.9,27.7,998.7,38,2.6,6.3,22.2,74.56
37.6,42.4,30,998.8,32,1.9,18.7,27.8,132.21
31.9,41.6,28,998.8,52,2.3,9.4,14.8,132.21
27,39.7,20.5,1000.2,82,1.9,3.9,13,80.31
30.8,34.9,25.5,999.4,66,1.9,3.1,9.4,85.4
35.9,41.6,29,996.7,54,1.9,8.5,18.3,126.07
33,42.3,27.2,997.8,56,1.9,13,25.9,76
30.4,34.4,25.3,997,70,1.9,5.6,20.6,79.84
26.5,36.8,22.4,994.9,86,1.8,6.3,11.1,53.79
31.5,36.8,24,994.7,62,1.8,11.7,22.2,67.12
32.7,38,27,996.9,56,1.9,14.1,29.4,88.75
31.9,37.8,25,1001.8,61,1.9,4.3,9.4,60.27
33.8,38.9,27,1001.1,54,1.9,7,13,67.92
33.4,39.8,27.6,999.7,54,1.9,13,25.9,47.68
28.3,33.6,23.3,998.4,87,1.9,1.7,7.6,32.29
31.2,35.8,24.8,998.6,77,1.9,2.8,11.1,44.48
29.7,35.8,25.2,998.9,82,1.9,2.6,9.4,77.2
29.9,33.7,23.3,1000.6,78,2.6,4.8,11.1,71.11
31.1,35.6,26.4,998.5,73,1.9,10.9,18.3,49.58
33.4,37,27,994.1,61,1.9,17.2,29.4,38.97
30.1,34.7,26,997.7,76,1.9,0.7,5.4,46.13
29.1,34.7,24.4,999.2,82,1.9,4.8,11.1,29.81
31.5,35.7,25.7,999.9,74,1.9,8.1,13,24.69
31.3,36.5,27.3,999.3,73,2.7,8.7,14.8,25.76
30,36.6,27,998.8,76,2.6,16.9,25.9,41.32
29.7,34.7,24.6,1000.2,74,2.7,11.3,18.3,56.02
28.9,31.6,25,999.7,77,1.9,4.1,14.8,59.13
28.4,32.6,25.4,1002.7,77,1.9,0.9,7.6,64.58
29.8,33.9,25,1003.5,75,1.9,2.6,7.6,55.51
31.6,35.5,25.4,1001.9,63,1.9,5.4,11.1,77.04
29.4,34.4,26.4,999.9,86,1.8,2.2,14.8,61.66
28.8,34.4,25.3,1001.7,88,1.6,1.7,7.6,51.4
27.5,30.8,25,1000.2,92,1.3,3,7.6,61.84
31.9,35.8,28,1001.8,75,1.9,0.4,3.5,34.42
30.9,35.8,28.6,1001.8,78,1.9,3.3,14.8,50.97
31.6,35.6,25.8,1002.7,67,2.9,13,22.2,44.67
30.9,35.5,27.7,1001.5,66,1.9,14.6,27.8,52.06
29.5,34.5,27.6,1002,77,1.9,8.5,18.3,61.47
32,35.6,27,1000.9,64,3.4,10,20.6,68.53
31.9,36.2,28,1001.1,68,2.6,4.8,14.8,51.67
32.4,36.9,28.1,1001.9,68,2.7,5.4,11.1,97.63
32.2,36.8,28.4,1002,61,2.6,14.6,24.1,97.31
32.1,36.6,28,1000.8,56,1.9,15.4,25.9,61.69
31.9,36.6,27.5,1001.7,54,1.9,12.8,24.1,63.79
31.4,36.5,27.6,1005.5,56,1.9,11.7,25.9,60.29
31.5,36.9,26.6,1005.7,53,1.9,9.4,22.2,87.55
31.9,36.9,26.8,1005.8,54,2.7,11.9,35.2,111.58
31,36.7,26.4,1005.7,54,2.6,10.2,31.7,91.18
32.2,37.9,27.3,1005.8,61,1.9,1.3,3.5,56.19
31.8,37.9,26.8,1003.5,59,1.9,2.6,9.4,64.38
32.9,38,27.5,1003.3,62,1.9,0.4,3.5,35.75
30.4,35.9,26,1003.6,78,1.6,2,7.6,63.06
29.1,34.8,27.2,1003.4,76,1.9,4.6,11.1,88.08
30.2,36.5,26.2,1002.3,70,1.9,5.7,14.8,69.57
28.4,33.9,23.5,1003.8,55,2.6,8.5,20.6,61.08
29.4,35.1,23.7,1005.3,60,2.3,6.3,14.8,97.62
28.6,35.2,25,1007.2,64,2.3,3,9.4,145.97
28.1,35.3,21.5,1011.8,56,2.6,5.6,13,151.57
28.6,35.6,22.7,1009,72,1.9,6.5,18.3,148.44
28.5,35.4,23.2,1007.3,70,1.9,4.4,14.8,147.71
28.6,36,21.8,1004.3,65,1.9,6.1,24.1,100.7
29.6,35.5,25,1011,69,1.9,3.7,9.4,75.81
28.2,34.9,22.9,1012.7,70,1.9,3.9,9.4,148.29
27.6,34.9,21.5,1013.6,71,1.8,0.4,3.5,156.71
28.2,36.1,21.9,1011.7,70,1.9,3.5,9.4,198.1
27.7,36.2,22.9,1009.9,69,1.9,3,9.4,116.98
26.6,36.2,21,1012,68,1.6,2,7.6,169.22
26.4,34.4,18.3,1012.8,53,2.1,5.4,14.8,101.61
25.4,34.4,20.3,1015,59,1.9,5.6,16.5,112.89
24.7,33.3,18.5,1014,61,2.3,3.5,7.6,108.4
22.3,29.8,15.6,1016,73,1.6,1.1,5.4,277.53
22.9,31.4,16.2,1016.1,73,1.4,0.9,3.5,244.78
23.4,31.8,17.3,1015.8,75,1.6,0.4,3.5,161.78
23.9,31.8,18.6,1014.2,73,1.8,0.4,1.9,353.86
21.9,30.2,16.1,1014.8,79,0.5,1.1,7.6,201.44
21.9,29,17.1,1016,75,1.1,1.9,5.4,219.68
22.1,29.8,16.1,1015,77,1.3,0.7,3.5,291.66
22.3,29.3,16.1,1014.9,64,0.8,5.4,18.3,214.24
22.4,29.8,16.5,1012,65,1.1,3.5,13,136.22
18.5,27.7,11.5,1017.6,68,1.3,0.9,7.6,238.69
18.6,27.7,11.4,1016.4,69,1.1,0.4,3.5,293.73
18.8,28.5,11.5,1015.4,69,0.8,1.3,3.5,266.95
19.3,28,13,1014.7,61,1.9,5.7,18.3,149.14
20,29.1,11.9,1012.6,64,1.4,0.9,7.6,193.58
18.4,29.1,13.5,1011.4,71,1.3,2.6,7.6,190.46
19.3,28,13.8,1014.7,81,0.6,1.7,7.6,183.28
17.9,26.2,13.5,1016.2,75,0.8,2,11.1,190.14
17.6,24.6,11.2,1016.1,75,0.8,7,18.3,282.01
17.8,26.2,11,1017.1,79,0.6,2,7.6,249.8
20.2,27,12,1015.8,68,1,1.3,5.4,250.69
19.2,26.9,11.6,1015.4,78,1,4.8,14.8,198.38
14.8,21,6.8,1016.4,63,2.4,5.4,13,135.42
14.6,21.3,6,1017.1,59,2.6,8.1,14.8,88.3
15.2,22.2,7,1016.5,60,2.4,7,14.8,152.24
14.4,21.1,6.8,1019.1,65,1.6,5.6,13,114.35
12.6,21,0,1018.9,68,1.4,2.6,9.4,135.78
13.7,21,5.6,1018.8,71,1.3,1.5,7.6,321.52
13.3,19.3,5.5,1021.9,62,1.9,7.8,14.8,132.56
14.4,21.5,5.5,1021,60,1.8,8.9,18.3,187.01
16.3,22.5,7.6,1020.6,64,1.4,8.1,14.8,159.67
16.9,25.1,6.6,1021.3,65,1.1,2,7.6,240.97
15.5,24.1,7.7,1021,71,1.1,3.5,11.1,239.21
14.9,22.8,8,1018.4,73,1.1,5.9,13,339.8
18.3,24.7,11.5,1018.1,85,0.5,1.1,7.6,305.51
16.5,24.7,12,1017.4,82,0.6,8,13,339.87
16.6,22.2,10.2,1015.4,65,1.8,10,20.6,183.24
18.2,25.1,12,1014.4,77,0.6,5,11.1,195.21
15.6,23.2,10.9,1015.6,82,0.6,4.3,9.4,196.87
13,19,9.6,1016.9,85,0.8,10.7,16.5,138.86
12.3,19,8.9,1015.8,91,0.5,4.6,9.4,269.05
11.9,15.7,7.5,1018.9,86,0.8,6.1,11.1,272.1
12,17,6.7,1019.8,75,1.3,7.6,13,290.66
11.7,18,6.4,1017.3,76,0.8,4.4,13,303.5
14.6,21,6.8,1015.6,81,0.6,2.4,7.6,308.75
17.7,24,9,1014.5,69,1.4,4.4,9.4,283.03
17.4,27.2,12.2,1016.4,79,1.1,7.8,18.3,285.83
15.9,22.4,8.4,1017.6,66,2.4,7.2,16.5,121.4
15.2,22.6,6.6,1018.2,56,1.9,8.9,22.2,136.87
12.7,19.5,8,1017.6,69,1.3,8.3,18.3,206.72
15.6,24.6,10.7,1015.7,81,1.3,2.8,9.4,170.45
17.1,23.2,9,1017.1,69,1.8,5.9,11.1,181.76
17.6,24,10.1,1014.8,67,1.4,5.9,14.8,150
17.2,26,11.5,1014.7,65,2.3,5.7,14.8,110.89
17.7,24.4,9.7,1017,64,2.1,8,18.3,115.7
17.4,24.4,10.1,1018.9,61,2.3,6.1,11.1,135.38
23.1,30,15.6,1014.9,71,1.4,4.1,9.4,207.1
23.7,29.8,18.7,1014,75,1.4,11.1,18.3,76.12
20.9,27.8,15.8,1014.4,62,2.6,17.2,27.8,86.17
22.6,30.3,11.5,1015.4,57,2.4,5.4,11.1,131.69
22.7,30.4,12.8,1017.7,56,2.6,2.4,7.6,144.98
22.7,30.6,13,1018.4,58,2.4,3.3,7.6,170.12
25,31,15,1015.7,59,1.9,1.7,5.4,175.63
24.9,32.4,15.2,1015,57,1.9,1.7,9.4,115.55
26.8,33.4,15.7,1014.5,52,2.4,4.6,9.4,47.43
23.7,29.1,15.8,1011.9,67,2.1,5.2,11.1,84.42
23.4,29.1,17,1011.4,63,2.1,6.7,16.5,129.9
24.3,29,15.6,1011.7,56,1.9,10,18.3,60.17
24.3,31,16.8,1010.8,66,3.4,6.9,14.8,51.82
22.4,29.5,17.1,1014.1,68,3.4,6.3,16.5,67.63
24.1,29.2,14.5,1014.4,59,2.4,8.5,18.3,72.47
26.8,33,19,1008.8,61,2.3,3.5,11.1,95.52
27.1,33,19,1009.9,61,2.6,2.8,13,47.43
26.5,32.8,19.5,1010.5,45,2.9,12.2,25.9,156.01
29.8,36.2,18.2,1012.7,52,2.4,3.3,7.6,72.44
24.7,36.6,19.7,1012.8,66,2.4,9.4,14.8,81.46
26.2,32,19.5,1012.5,56,3.1,9.1,14.8,88.68
29.9,37,19.5,1008.3,39,2.7,4.4,9.4,130.7
30.4,37.5,21.6,1006.3,41,2.6,12,27.8,148.22
32.3,39,21.5,1007.3,39,3.4,5.4,13,97.83
33.4,39.1,24.8,1008,47,2.1,2.6,7.6,129.61
29.5,36.9,21.5,1007.2,41,2.3,11.3,16.5,166.76
29.3,36,18.8,1008.8,37,3.2,4.8,11.1,81.12
30.9,37,19,1008.9,33,2.6,6.9,14.8,74.9
31.6,38,23.2,1002.6,30,3.1,18.7,35.2,137.48
33.1,39,24,1003,26,2.6,10.4,24.1,102.86
33.6,40,23,1003.8,27,2.4,9.8,18.3,129.06
34,40.6,26.3,1005.5,29,2.6,13.9,22.2,92.74
33.9,39.6,25.8,1002.7,28,2.7,15.7,29.4,89.52
33.3,39.4,24.8,1000.7,28,3.1,8.3,18.3,104.5
33.4,40,21.2,1006.3,27,2.6,3.7,14.8,162.54
33.2,40.3,22.2,1005.1,29,2.3,5,14.8,181.49
34,40.7,22.2,1004.6,24,2.4,11.9,22.2,124.21
34.7,41.5,22,1001.7,24,2.3,8.5,16.5,125.36
38,44,23.8,1001.1,20,2.6,9.6,29.4,65.02
35.4,44,28,1003.2,35,2.7,6.5,18.3,77.89
33.2,38,25,1004.6,41,2.7,4.6,9.4,77.34
35.1,39.2,25.3,1005.1,40,2.4,7.2,11.1,66.49
33.8,39.8,27.6,1005.5,44,2.4,9.8,16.5,99.88
37.1,42,27.5,1000.7,30,2.9,8.3,18.3,128.85
36.5,43,27,1001.8,35,2.6,4.1,22.2,92.95
37.3,42.4,27.4,1002.4,32,2.6,4.8,14.8,94.22
37.3,43.7,28.6,997.4,44,2.6,9.4,22.2,78.02
37.3,42.8,31.2,996.2,49,2.6,8.3,14.8,87.31
36.2,41.5,30.7,995.3,50,2.9,10.9,18.3,105.02
32.9,39,27.4,996.6,50,2.4,9.4,27.8,180.71
34.6,39,26,998.4,49,2.4,6.7,16.5,42.67
37.4,41,30.6,998.8,31,1.9,14.1,27.8,101.54
32.7,37.5,24.7,1002.3,55,2.4,7.4,18.3,81.4
36,40,26.6,1001.7,46,3.1,9.1,22.2,137.81
37.7,42,30.7,1000.9,37,2.6,11.9,22.2,84.61
37.6,43,28.7,1001.2,42,2.4,2.8,11.1,64.08
34.6,40.3,28.7,1001.1,51,2.7,10.2,25.9,75.75
35.9,41,28.6,998.6,50,2.6,8.5,18.3,70.71
35.7,41.2,30,997.6,48,2.3,9.3,27.8,59.02
36,41,27.6,997.7,46,2.4,12.8,25.9,62.37
32.6,40.7,26,996.9,59,2.6,11.9,29.4,79.17
34.7,38,30.5,995.4,55,2.4,10.4,18.3,83.1
35.6,40,30,1000.7,57,3.1,9.4,25.9,75.14
31.1,40.1,26,999.8,74,2.4,7.6,14.8,100.02
32.9,38.6,27,999.7,64,2.4,8.9,16.5,48
35.5,39.9,31.2,999.7,60,2.4,9.8,18.3,80.89
34.9,39.6,29.6,999.6,61,2.4,7.8,14.8,69.65
34.4,39.4,26,998.3,63,2.3,8,14.8,57.24
32.2,39.8,25.4,995.4,73,2.3,8.3,14.8,57.1
28.4,36.6,24.4,998.1,82,2.4,5.2,9.4,77.71
29.6,32,25.7,997.6,80,2.3,2,7.6,54.96
33.6,36.7,28.8,996.7,66,5.8,5.9,11.1,59.13
30.7,36.9,28.8,996.8,78,2.3,5.4,27.8,39.32
33.3,37,27.8,996.2,68,2.6,6.7,11.1,73.51
31.1,34.2,27.8,997.8,78,2.6,6.9,24.1,50.99
30.4,35.4,26.7,997.8,82,2.1,5.2,14.8,44.08
31,35.2,26,997.9,80,2.4,7.2,18.3,56.86
32.4,35.2,26.2,999,72,2.9,13.5,25.9,48.36
34.1,37,28.5,998.5,63,3.2,13,22.2,59.4
34.1,37.2,29,998.4,61,2.6,11.5,22.2,54.5
31.9,35,28.3,1001.3,72,2.1,2.8,9.4,46.44
30.3,35,27.6,1002.6,83,2.3,6.5,16.5,42.7
28.3,35.8,26.8,1003.9,89,1.6,4.3,11.1,43.47
29.2,31,26,1000,85,1.8,4.6,13,50.86
29.1,32.6,26.4,998.6,85,1.8,5.9,13,39.3
30.9,35,26,997.4,73,2.6,6.5,11.1,42.84
32.6,36,26.2,997.8,66,3.4,5.6,9.4,41.29
33.3,36,26.4,999.7,67,3.2,7.8,18.3,30.66
33.4,36.5,28.6,999.9,66,2.9,9.8,16.5,56.45
31.2,36.7,28,997.8,75,2.7,9.1,14.8,39.51
29.9,34,25.5,1000.2,80,1.4,3.3,11.1,62.19
29,33.7,26,999.1,85,2.1,6.5,22.2,59.03
31.3,34.5,27,997.6,71,3.2,12.2,22.2,28.01
31.7,34,26.4,999,71,2.6,2,11.1,38.99
32.6,36,27.6,999.6,70,2.7,10.6,20.6,45.88
31.2,35.9,26.1,1000.4,71,3.2,8.7,18.3,56.56
31,35,26.8,1004.1,76,2.6,6.1,14.8,54.73
30.8,35.2,26.8,1005,76,2.7,3.7,18.3,37.1
27.3,33.3,24,1002.4,89,2.1,7.8,27.8,44.31
27.8,31,25.2,1001.3,88,2.4,4.6,7.6,57.64
30.7,34,25.5,1000.1,73,2.6,13.7,22.2,50.42
30.7,34,25,1000.5,65,3.4,12,27.8,71.72
31.1,35,25,1003.1,64,3.2,10.4,18.3,45.7
31.3,35,26,1004.6,63,3.2,11.5,18.3,49.7
31.4,36,26.7,1006.7,65,3.1,8.3,13,47.36
30.4,35.6,25.7,1006.5,72,2.9,4.3,14.8,67.11
31.7,37.1,26,1003.2,63,2.9,1.7,5.4,86.16
32.5,37.2,25.3,1003,59,3.1,1.7,7.6,94.23
32.6,37.4,27,1005.8,63,2.6,6.3,13,32.73
30.7,34.8,25.6,1004.5,66,2.6,3.3,11.1,56.46
31.4,35.2,26,1005.8,62,3.1,2,7.6,89.09
31.9,36,26.5,1007.2,66,2.3,2.4,7.6,105.43
32.4,36.4,27.5,1007.8,65,3.1,3.5,11.1,84.33
30.3,35,24.7,1007.3,62,2.3,7.6,18.3,81.87
29.9,35,23,1006.3,60,2.6,6.7,24.1,159.8
30,36,22.5,1004.9,63,2.6,3,7.6,117.86
28.6,35,19.8,1008.2,49,3.7,11.5,22.2,132.11
28.3,35.2,19,1009.4,53,3.4,9.1,35.9,125.8
26.8,35.2,17.5,1010.4,57,2.6,5.7,13,114.3
27.6,35,17.6,1007.6,53,3.1,5.9,13,94.83
27.7,35,18.6,1006.9,52,3.1,7.8,28.7,132.01
27.3,35,19,1007.8,55,3.2,7.2,27.8,161.49
27.2,34.5,19.5,1009,58,3.1,11.1,25.9,135.9
26.4,33,18.4,1012.4,60,2.6,4.6,14.8,140.92
25.4,33.4,16.5,1014.3,62,1.6,5,14.8,164.51
23.7,31.7,15.5,1017.7,69,1,1.3,5.4,209.27
23.4,31.1,14.2,1016,60,1.1,3,7.6,318.57
22.6,30.6,15.8,1015.4,69,0.5,1.1,5.4,355.77
23.9,32,14.5,1015.6,63,1,2,5.4,394.59
23.2,30.2,14,1012.6,55,1.1,7.4,18.3,482.4
22.5,29.5,15.6,1013.3,56,1.1,11.7,22.2,588.39
21.7,30,12.2,1014.5,52,1.1,6.3,16.5,488.57
22.2,30.2,13.6,1015.6,63,1.6,1.5,3.5,307.08
20.8,29.3,12.1,1016.7,58,1.8,3.5,9.4,295.88
20.7,28.8,10.6,1017.8,56,1.8,6.1,16.5,228.16
20.8,29,10.5,1013.9,61,1.8,2.6,7.6,236.09
22,31,10.7,1013.2,56,1.8,2.4,14.8,351.47
21.4,30.6,10.8,1011.9,54,2.6,7.8,18.3,285.71
24.2,31,16.5,1013,36,2.9,13.9,22.2,340.61
22.7,30.8,13.6,1012,38,3.4,11.9,20.6,174.56
21.4,29.6,12.7,1013.7,40,2.6,8,20.6,136.21
19.2,25.9,11.9,1017,84,0.8,2.6,9.4,128.7
18.9,25.8,11.5,1017.9,77,0.6,5,13,236.58
19.3,27,11.7,1019.6,57,1.8,5.2,11.1,263.61
17.8,24.8,11.2,1017,74,0.6,0.7,7.6,196.6
15.8,24.3,8.7,1015.8,77,0.8,1.7,7.6,204.6
18.2,27,7.7,1013.7,72,0.6,1.1,7.6,283.61
19,27.1,10.5,1015.1,61,1.6,3.3,9.4,295.62
18,26.6,10.5,1017.1,61,1.9,8,14.8,199.12
17.2,24.2,10,1017.2,58,1.6,9.3,22.2,209.91
16.3,23,6.6,1016.9,61,1,9.4,20.6,167.64
18.1,24,11.2,1015.4,56,1.8,15.9,25.9,229.35
17.8,25,10.7,1015.8,54,2.3,9.4,22.2,236.24
13.9,24.5,11.4,1015,95,0.6,8.7,14.8,131.95
16.3,23,9.8,1016.9,78,1.1,7.4,16.5,364.15
16.3,23.4,9,1017.3,68,1.3,7.8,18.3,232.41
15.6,23,9,1016.4,87,1.3,2.4,11.1,213.2
17.4,24,9.3,1018.9,81,1.3,2.2,9.4,339.96
16.7,24.3,9.5,1018,82,1,4.1,13,211.16
14.7,24.4,13.5,1012.2,96,1,10,22.2,247.79
15.4,20,10.2,1015.5,84,1.1,2.2,7.6,248.01
14.1,20.2,8.6,1015.8,82,1.1,5,13,194.12
12.1,19,4.3,1017.8,70,1.4,6.1,14.8,136.98
12.6,19.5,3.2,1019.2,78,1.3,5.2,11.1,108.26
16.4,24,8.6,1017.3,73,1.3,3.3,7.6,216.73
14,21,6.4,1023.1,76,1.6,10.2,16.5,309.28
14.7,20.8,7,1021.4,72,1,6.1,14.8,188.08
19.8,25.6,12.5,1018.2,74,1.1,7.8,24.1,218.63
16.2,25.1,14.5,1017.1,92,0.8,8,22.2,217.55
16.1,20,13.2,1019.1,80,1.8,11.9,18.3,286.6
17.3,23.2,9.8,1016,71,1.4,4.6,16.5,230.94
16.2,23.4,9.4,1017.9,75,1.3,8,16.5,135.87
17,24,8.6,1019.2,66,1.6,2.8,7.6,109.13
17.9,25,9.5,1017.3,68,1.6,3.3,11.1,166.71
16.1,23.5,8.6,1015.9,62,2.9,10.2,18.3,136.02
16.8,24,9,1015.2,63,1.8,5.7,18.3,194.99
16.7,24.2,9.4,1016.4,66,1.8,10.6,27.8,146.49
18.2,25,8.9,1021.9,59,2.3,7.6,18.3,77.85
18.6,29,10.2,1021.3,59,1.8,10.2,18.3,133.12
19.7,27,9.8,1020.3,58,2.4,8.7,32.4,129.09
24.1,31,15.6,1011.1,57,3.1,7.2,14.8,130.62
24.8,32,16.4,1005,56,2.4,6.3,14.8,183.98
20.9,32.4,15.7,1008.2,74,1.9,12,24.1,112.02
21.4,28,13.5,1013.6,47,3.1,18.5,35.2,109.38
20.4,28.1,12.4,1012.5,55,2.6,16.1,29.4,106.92
21.2,29,11,1014.2,52,3.2,8,16.5,182.29
24.7,32.5,18,1012.1,49,2.6,5,11.1,425.22
22.8,30.5,16.5,1011.1,59,1.9,4.4,11.1,178.5
21.3,28.5,12.5,1010.6,41,3.1,8.3,22.2,127.9
23.4,30,12,1008.3,41,2.6,5.9,14.8,67.83
22.8,30.7,17.6,1008,54,2.9,12,22.2,90.6
20.7,28.2,14.6,1007.6,67,2.6,8.1,18.3,112.41
18.4,24,9,1015.3,49,3.2,9.1,20.6,106.45
19.6,26,9.1,1016.4,50,2.7,6.5,22.2,37.49
21.4,28,10.5,1013.7,50,2.4,8.5,22.2,74.58
23.6,30,15.6,1011.7,57,2.6,7.6,18.3,112.71
24.2,30,15.4,1012.2,53,2.7,11.3,24.1,114.07
26.6,34,16.2,1011.6,47,2.9,10.9,22.2,120.43
27.8,35,17.7,1010.4,41,3.4,12.8,27.8,128.51
29.1,35,20.8,1009.8,38,3.2,16.1,35.2,151.17
30.6,37,21.8,1009.5,41,3.1,13.1,27.8,168.23
31.2,38.5,23.3,1007.5,41,2.9,8.3,18.3,156.38
32.8,39,23.2,1004.7,36,3.2,11.1,22.2,113.62
31.7,39.4,23,1004.2,34,3.5,10.7,25.9,91.19
32.8,39,21.4,1004.9,30,3.7,10.7,22.2,83.36
28.8,38,19.2,1008,32,1.9,5.9,18.3,84.4
27.5,34.4,16.5,1010.8,28,2.7,10,20.6,62.44
27.3,33.6,19,1010.8,29,3.9,13.3,25.9,151.25
31.6,40,19.9,1006.3,27,2.9,5.6,11.1,129.15
32.4,40.5,20.7,1004.5,33,2.3,2.6,9.4,107.69
33,40.6,22,1002.1,29,3.2,8.5,24.1,184.69
34.9,43.2,28.9,999.7,45,2.7,9.1,21.7,175.23
33.5,40.2,28.5,1001.9,49,2.3,8.5,22.2,152.84
33.9,40,26.8,1001.9,31,3.2,11.1,22.2,152.99
32.6,38.2,22.5,1006.3,33,2.7,11.9,51.9,110.54
32.2,38.5,24,1004.8,37,2.9,13.3,39.6,99.09
32.1,39,24,1005.4,40,3.1,5.9,20.6,72.31
32.2,38.1,23.1,1007.2,35,3.7,5.7,13,109.36
32.3,39.6,22,1006.8,37,3.2,4.4,13,80.81
32.6,40,24.4,1006.6,35,2.3,7.4,18.3,198.2
36.6,44,25.3,1003.7,27,3.4,8,18.3,109.91
36.6,44.1,27.6,1002.7,30,2.6,3.5,9.4,204.56
35.6,42.8,28,1001.5,36,3.2,10.7,20.6,183.82
36,41.8,27.5,1002,35,2.7,6.7,18.3,74.42
37.2,43,27.8,999.8,28,3.1,6.7,14.8,216.96
37.9,44,28.1,998.3,24,3.2,10.2,22.2,121.76
32.3,40.2,27.4,1001.4,45,3.2,6.5,18.3,123.21
34,41.4,28.4,1000,38,3.4,5.4,22.2,126.04
31.2,39,24,1001.5,45,2.1,9.8,22.2,233.82
36.4,41.6,28.5,999.1,36,3.4,4.3,11.1,110.1
37.8,44,29,997.3,33,3.1,8.3,22.2,107.37
35.3,43.9,29.3,998,46,3.9,13.3,18.3,103.75
29.4,37,26,1000.2,69,2.9,9.4,20.6,40.33
32.9,37,24.9,1000.7,52,2.4,5,14.8,63.27
34.9,40,26,999.4,38,2.6,6.7,13,95.23
37.3,42.5,28.7,996.6,32,3.4,12.2,35.2,122.2
31.7,43,26,1003.5,51,3.2,14.3,37,71.89
30.3,37.2,25,1002.1,62,3.5,8.9,18.3,40.87
32.9,37,26.4,1000.6,53,2.7,4.8,13,66.73
36.6,42,28.1,997.5,33,3.5,13.3,29.4,43.02
36.1,42,29,1000.4,37,2.9,12.8,43.2,48.6
34.7,41.6,28.6,998.9,39,3.1,11.3,22.2,80.14
30.2,37,24,998,72,3.2,10.2,27.8,41.96
27.6,37.4,23.2,998.3,79,2.6,5.6,14.8,60.9
27.7,32.2,23.7,999,85,2.4,6.7,13,58.27
35.7,39,30,997.7,58,3.1,6.7,13,44.08
35.2,39.4,30.4,998.9,62,3.4,7.6,18.3,76.1
35.6,39,30.5,998.5,59,3.4,9.4,18.3,36.62
30.3,34.5,25.4,995.6,84,2.4,3.3,9.4,22.98
28.1,35.1,26,996.9,91,1.9,6.5,14.8,43.35
32,37,26.7,996.5,75,2.3,3.7,9.4,46.71
31.3,35.8,25.2,1000.4,74,2.7,3.9,11.1,50.81
31.9,36.5,28.2,999.1,72,2.4,6.3,13,41.42
34.4,37.6,29.6,998.6,58,2.9,7.4,14.8,58.46
31.1,35,27,999.4,69,3.2,7.8,14.8,33.04
33.2,36.5,28.4,999.6,64,3.7,9.6,18.3,22.44
31.6,36.4,28.4,1000.2,76,3.2,6.1,14.8,32.02
34.1,38,28,997.6,64,2.7,5,18.3,33.56
29.2,38.4,25,998,84,2.3,6.9,18.3,55.96
32.5,36,28,997.5,70,3.1,10,18.3,23.12
29.6,33.4,26.6,997.3,84,2.4,9.3,16.5,22.65
31.6,35,26.4,999.1,74,3.2,8.9,13,22.17
32.2,35,28.6,1000.7,69,3.7,9.3,16.5,24.42
28.3,34.1,27,1001.1,89,2.1,4.6,18.3,27.25
28.8,32,26.8,1001.6,84,2.3,9.6,18.3,17.1
29.8,32,27,1000.2,78,2.7,10.2,14.8,27.56
31.2,35,27.3,997.2,69,2.9,18.7,27.8,42.65
29.8,36.1,26,1001.8,84,2.3,3.5,11.1,61.44
31.7,36,26.5,1001.5,77,2.7,4.8,13,36.58
29.2,35.6,27,999.3,87,1.6,3.5,18.3,48.6
31.3,35,27.3,1001.2,68,2.9,13.1,22.2,
31.6,36,27.4,1003.3,63,3.7,7.2,14.8,26.54
27.9,37.8,26,1003.2,92,1.6,6.1,14.8,35.23
32,36,26.5,1001.8,70,3.1,9.6,28.7,46.25
32.1,36,28.3,1001.3,72,3.2,8.5,16.5,22.15
31.1,35,27.2,999.9,76,2.4,3.9,11.1,46
29.1,35.3,25.2,1000.4,84,2.4,4.3,22.2,47.79
31,36,24.8,1000,71,3.2,3.7,9.4,62.33
28.2,35.5,25.6,1003.7,89,1.6,6.1,20.6,23.82
28.7,33,25.5,1002.6,81,2.3,9.4,22.2,20.5
28.2,32.6,26,1002.8,78,2.7,9.8,22.2,25.58
30.7,35,25.2,1003.9,70,3.4,8.1,18.3,38.19
28.9,36.1,24.2,1005.5,76,2.9,6.7,13,35.61
31.2,35,26.5,1005.5,67,2.7,5.7,13,40.34
31.6,35.1,26.8,1003.9,65,3.1,6.7,11.1,54.83
32.2,36.2,27,1006.2,63,2.9,4.6,11.1,63.97
32.1,36.6,27.5,1005.6,67,2.4,3,7.6,54.77
32.7,36.1,27,1005.1,53,2.9,6.7,14.8,64.37
31.6,36,25.6,1002.8,59,2.6,1.1,7.6,53.05
31.6,37,25,1002.9,57,2.7,3,11.1,55.55
30.7,36.9,24.8,1002.7,69,2.9,6.9,11.1,55.93
30.2,35,23.8,1004.5,67,3.1,8.9,14.8,17.76
30.4,35.1,25,1005.7,66,3.4,5.7,18.3,50.09
30.8,36,23.8,1005.9,58,3.1,2.6,11.1,80.94
28.8,36,22,1005.9,55,3.4,5.7,22.2,89.38
29.9,36.4,21.9,1006,47,3.9,8,24.1,68.47
30.5,36.4,21.3,1007.9,53,3.7,7.2,14.8,69.45
29.6,36,21.6,1007.6,54,2.9,6.1,18.3,75.73
28.8,35.8,22.4,1006.9,63,2.6,3.9,11.1,70.98
29.6,36,22.5,1007.6,58,2.7,2.4,11.1,107.63
29,35,21.6,1004.5,57,2.6,4.4,14.8,104.45
28.8,36.4,21.5,1004.4,56,2.6,2.4,13,137.42
28.2,36.5,19.2,1005.1,54,2.7,3.5,16.5,147.83
28.5,36,19.4,1008.8,58,2.4,0.6,9.4,121.7
27.8,36.3,20.5,1007.5,62,1.3,2,13,176.17
25.9,35.3,18.4,1005.6,61,1.6,3.1,11.1,213.12
23.8,33,17,1013.7,63,1.6,2.6,7.6,163.35
23.8,33.1,16.1,1014,67,1.9,0.7,5.4,203.03
23.8,33.2,17.3,1012.8,69,1.8,0.7,5.4,167.54
23.5,31.4,17.6,1014,72,1.6,1.7,9.4,187.82
23.3,32,19.4,1012.9,79,1.3,2.6,9.4,211.64
22.7,30.3,17.5,1013.5,78,1.1,0.4,3.5,160.69
21.1,30,16,1014.4,73,0.6,1.9,11.1,190.33
19.7,30.2,14,1014,82,0.3,0.4,3.5,216.53
20.1,30.4,13.8,1013.2,71,0.5,0.9,7.6,639.19
19.3,28.5,12.4,1010.9,74,0.6,0.4,3.5,370.73
20.1,28.5,14.6,1011.2,73,0.8,1.9,7.6,465.08
18.1,24.3,13.5,1016.5,60,1.8,5.6,14.8,254.36
15.9,24.5,9.4,1017.3,58,1.4,3.9,11.1,191.57
16,24.4,10.2,1015.1,59,1.8,5.2,18.3,143.51
16.9,26.5,8.6,1016,57,1.9,3.5,9.4,171.34
16.9,27.5,8.6,1016.7,63,1.6,1.1,9.4,177.41
16.3,27.5,9,1013.9,63,1.9,5,13,187.97
15.7,27.1,8.2,1015.7,66,1.6,1.7,13,224.37
15.1,26.4,8,1016.6,72,1.3,0.7,5.4,167.74
17.4,25,12,1015.7,47,1.9,6.1,22.2,219.84
16.6,25.2,9.4,1015.4,52,1.9,6.7,22.2,208.87
16.1,26.6,0.7,1015.3,60,1.9,1.7,9.4,261.82
15.7,21.7,12,1018.2,85,1,3.3,7.6,120.91
13.6,21.3,9.6,1020.1,83,0.8,4.8,11.1,115.08
12.7,19.5,8,1021,78,1,6.1,11.1,230.34
15.2,25.6,9.6,1019.9,70,1.4,4.4,9.4,109.18
16.4,23.7,9.6,1020.6,82,0.5,2.8,9.4,126.67
17.4,25,12,1020.8,76,0.8,1.3,9.4,100.72
13.5,25.1,7,1017.8,79,1,3.9,13,115.19
14.4,23.2,7.1,1017.7,74,1.3,2,7.6,283.24
15.1,25,7.6,1017.1,71,1.3,3.5,13,157.72
12.2,23.9,5.7,1014.5,88,0.3,0.7,5.4,203.18
11.8,20.1,8.4,1015.3,89,0.3,2.8,9.4,224.42
11.3,18.2,6.7,1015.6,85,0.6,3.5,9.4,249.17
13.2,20.8,6.4,1015.2,69,1.4,8.5,14.8,273.56
12.1,20.7,5,1017.6,72,1.4,3.9,11.1,303.41
12.2,21.7,4.2,1019.1,75,1.4,5.7,18.3,217.01
13.6,23.7,5.5,1016.1,68,1.4,4.4,18.3,240.42
14,23.7,5.7,1016.2,69,2.3,4.8,14.8,191.66
14.7,25,6.4,1015.6,70,1.4,9.4,24.1,233.1
15.8,24.2,9.5,1016,79,1,4.6,11.1,154.64
14.2,24.9,8,1014.9,75,0.6,5,13,230.5
13.9,25.2,5,1014.7,70,1.9,0.4,3.5,177.71
12.5,18.9,8.8,1013.4,90,0.6,8.3,16.5,235.06
12.1,18.4,7,1014.1,89,0.5,4.4,9.4,253.7
13,20.2,8,1014.4,79,0.6,4.3,9.4,153.61
17.2,26.9,9.9,1014.3,69,1.4,13,25.9,160.79
18.7,27.2,11,1013.9,69,1.4,3,13,111.75
17.7,27.8,10.5,1012.7,69,1.6,3.7,14.8,155.2
16,26.5,9.3,1015.4,57,1.4,4.4,13,162.48
15,23.6,8.5,1014.6,55,1.4,7.4,22.2,123.48
13.9,24.1,5.5,1013.8,61,1.6,1.7,9.4,140.35
14.6,24,6.1,1014.4,59,1.3,2.2,7.6,133.8
16.4,23.4,9,1022.5,75,1.6,5.2,14.8,143.29
16.4,23.5,10.2,1021.6,63,1.8,11.1,25.9,186.19
17.5,23.4,11.6,1019.6,66,2.4,9.8,25.9,209.7
18.1,26.6,10,1013.9,60,1.6,3.3,18.3,72.36
19,28.2,10.1,1012.9,62,2.1,4.4,14.8,76.92
21.5,31.2,12.5,1010.5,59,1.8,1.5,5.4,123.19
22.5,31.6,17,1015.4,65,1.9,7.4,16.5,127.27
21.1,29.4,14.5,1012.8,64,2.6,11.3,25.9,167.16
22.3,29.8,15.4,1012.6,65,1.9,6.3,24.1,159.67
21.7,30.7,14.9,1010.8,62,1.6,1.7,7.6,164.2
22.9,31,15.5,1009,58,2.3,3.9,14.8,67.27
24.1,32.3,16.6,1006.9,53,2.1,2,9.4,143.25
21.8,29.4,14.7,1012.3,53,2.6,7.6,22.2,139.18
22.6,31.6,13.3,1013.2,57,2.3,3.1,14.8,79.83
23.4,32.2,14.8,1013.1,52,1.8,3.5,11.1,75.45
25.9,35.6,17.1,1008.9,45,2.3,2.8,11.1,139.88
24.8,36.2,17,1007.1,47,2.7,1.9,9.4,75.67
25,34.1,17.2,1007.8,51,2.6,11.3,27.8,105.29
24.6,34.4,15,1012.9,44,2.3,4.4,14.8,116.62
26.1,35,16.5,1009.2,45,2.6,2.2,5.4,111.67
26.1,35,21,1007.8,53,2.6,5.6,14.8,82.15
25.7,32.3,18.5,1013.6,49,1.9,8.7,22.2,109.99
26.3,33.6,19.5,1011,44,2.6,9.1,22.2,83.4
27.1,36.8,17.3,1007.9,38,3.2,4.6,14.8,78.4
26.9,36.2,20,1007.6,51,2.9,9.1,14.8,85.9
27.8,34.8,20,1008.6,52,2.7,6.1,11.1,117.78
27.6,36.2,20.8,1009,53,2.6,4.8,11.1,96.45
29.4,38.2,21.4,1007.2,49,2.6,2.6,5.4,75.14
27.9,36.6,19,1008.3,57,2.7,5.9,9.4,101.18
29.4,35.6,23,1008.8,51,2.3,9.1,18.3,152.56
25.2,36.3,20.2,1010.1,67,2.9,6.7,22.2,48.46
25.8,34.4,18.2,1008.3,38,2.3,3,14.8,49.56
28.1,36,18.2,1006.8,36,3.1,4.6,14.8,48.61
30.1,38,20.5,1006,39,2.7,3.1,11.1,83.96
31.1,39,23,1003,32,2.6,5,22.2,107.36
32.7,39.4,24,1002.6,26,1.9,12.4,33.5,81.97
29.2,39.5,24,1007.9,31,2.6,9.1,14.8,89.49
31.7,41.4,20.8,1002.3,26,2.6,5.6,18.3,119.24
33.2,41.6,25.5,1001.5,31,1.9,4.8,13,76.11
32.4,42,26.4,1004.7,48,3.1,7,9.4,117.56
31.7,40,26.5,1003.4,52,2.7,10,14.8,107.47
28.8,37.6,20.2,1004.7,59,1.6,13.7,31.3,89.1
29.6,34.2,25,1005.8,52,1.9,10,14.8,54.88
31.2,38,24,1003.2,40,1.9,11.7,37,47.25
29.1,39.6,24.6,1004.3,43,1.8,7.4,22.2,74.82
28.3,35.2,22.4,1006.1,57,1.9,3.3,11.1,111.95
29.9,42.2,24.4,1003.5,56,1.8,12,31.3,71.99
30.2,35.6,24,1004.6,53,2.6,6.7,9.4,132.39
32.2,37.4,26.4,1002.2,54,2.7,5.2,16.5,80.64
33.1,41.2,26.4,1001.7,40,1.9,4.4,14.8,67.23
33.2,41.4,27,1002.8,33,2.6,3.1,14.8,105.99
34.1,41.2,25.5,1002.9,26,2.7,5.9,16.5,103.98
34.5,43,23.8,1000.1,25,2.7,6.5,22.2,71.25
34.5,44,24.5,998.9,27,1.9,4.4,18.3,129.23
36.1,45,26.3,998.1,24,2.7,8.7,25.9,83.88
35.9,42,29.4,999.7,46,2.7,7,14.8,97.37
34.6,42.1,28.4,1000.7,50,2.6,12.8,33.5,112.6
32.3,42,26.6,1001.6,53,2.7,12,18.3,71.99
34,39.2,27.7,998.6,56,2.6,9.6,14.8,52.6
35.8,40.8,29.2,997,53,1.9,6.5,11.1,64.42
35.2,41.4,32,994.3,55,1.9,11.3,18.3,57.68
30.3,40.5,25.6,995.1,75,1.4,11.5,33.5,76.78
37.8,41.7,34,990.4,41,1.6,19.4,33.5,67.02
36.8,41.2,33,992.5,41,1.6,16.9,25.9,141.28
36.7,40.5,33.4,994.7,43,1.9,17.4,27.8,225.49
34.2,39.4,26.5,998.2,49,2.6,5.9,16.5,127.32
35.2,40.2,29.8,998.9,55,2.6,1.9,5.4,61.06
36.2,41.9,30.9,998.2,50,1.9,3.5,11.1,67.55
36.6,42.2,32.6,993.8,42,2.1,11.3,31.7,83.98
32.4,42.7,30.7,995.5,59,1.9,5.4,11.1,54.15
30.3,37.5,26.2,997.8,76,1.9,10.2,18.3,29.98
32.6,36.2,29,997.2,68,1.9,11.9,22.2,30.07
31.2,37.4,24.4,995.6,66,2.9,12,24.1,41.41
32.1,37.8,23.6,995.7,70,2.3,6.3,13,34.24
33.7,37.8,28.2,997,59,1.9,3.1,14.8,45.76
35.2,39.4,28.5,995.6,55,3.1,3.3,7.6,57.12
33.4,40.1,30.8,996.1,71,1.9,9.4,14.8,68.2
29.3,37.8,26.2,996.9,85,1.9,3.7,9.4,47.48
30.3,34.2,25.4,996.2,82,1.9,3.7,11.1,46.53
31.8,35.2,27.6,996.2,77,1.9,5.6,11.1,33.82
32.8,37.3,28.8,996.9,73,2.6,5.2,11.1,37.32
29.2,37.8,26,996.8,87,1.9,1.9,5.4,37.76
29.2,33.4,27,997.3,89,1.9,2.8,7.6,37.26
29.5,36.7,28,997.3,84,1.9,3.9,9.4,25.81
26.9,32.2,25.8,997.6,95,1.9,6.5,11.1,39.3
26.7,28.7,25.2,996.7,95,1.9,3.1,13,32.22
30,34.5,27.2,997,76,1.9,8.3,14.8,37.69
31.5,35,26,997,71,2.7,5,14.8,39.89
32.1,35.6,28.2,998.3,67,2.3,13,22.2,55.77
31.5,35.8,28.2,998.6,68,2.3,11.7,22.2,65.46
28.2,31.8,26.4,999.2,89,1.9,2.6,7.6,63.57
30.4,33.4,26.5,999.9,83,1.9,4.6,9.4,44.54
32,35.4,27.6,1001.8,73,2.3,4.6,14.8,36.84
30.4,33.2,27.6,997.1,78,1.9,1.7,7.6,32.72
30.8,34.4,27.4,997.6,80,2.3,4.3,9.4,32.75
31.1,35.3,28.4,999.9,73,2.6,5.6,14.8,43
30,33.6,25.9,999.8,83,1.9,4.3,9.4,32.98
31.7,36.4,26.2,999.2,73,1.9,4.6,9.4,47.01
30.3,34.4,27,998.5,73,2.6,11.3,24.1,30.98
31,34.2,27,998,73,3.2,7.8,24.1,31.19
29.6,34.9,26.5,999.8,83,2.6,2.6,9.4,21.96
30.9,35.1,28,1000,76,2.3,4.8,11.1,24.78
27.1,34,23.5,1002.6,93,1.8,4.8,16.5,36.06
26.7,29.4,25,1002.3,92,1.9,4.6,11.1,47.53
26.7,29,25.6,1002.4,95,1.6,0.4,3.5,40.9
28.3,34.6,24.6,1003.2,86,2.1,1.7,9.4,55.72
28.7,34.1,25.5,1003.5,83,2.6,9.3,22.2,49.44
28.6,33.6,25,1005.2,80,3.1,8.1,11.1,35.45
30.3,33.6,26.5,1003.3,67,2.6,13,18.3,36.99
29.5,34.4,22.2,1005.7,70,3.4,7,14.8,28.55
30.6,34.6,25.5,1007.3,60,4,8.1,13,31.38
30,35.4,24,1005.2,66,2.7,2.8,7.6,43.09
28.3,35.7,23.8,1008,75,2.6,9.1,14.8,54.94
25.8,34,22.2,1008,91,1.9,10.9,18.3,73.3
28,33.2,22.6,1007.8,75,2.7,2.4,7.6,24.29
29.3,35.4,23.2,1008.3,63,2.6,2,11.1,21.46
28.9,35.5,23.4,1009.1,65,2.3,2.6,11.1,42.83
28.2,34.8,22.2,1008.4,66,2.7,2.6,9.4,83.78
28.7,35.2,22.5,1008.8,63,2.6,0.4,3.5,69.49
28.8,35.6,22.5,1008.5,59,2.6,0.4,3.5,76.03
26.4,34.6,20.2,1010,63,2.3,1.9,7.6,97.4
27.5,34.8,20.1,1008.1,63,1.9,2,9.4,78.87
27.8,35.3,22.4,1007.4,66,1.9,3.7,9.4,118.6
24.2,31.8,17.3,1011.6,58,2.6,5.4,14.8,93.36
25.7,32.5,17,1012.1,58,2.6,3,9.4,67.93
27.1,34,17.8,1011,54,2.3,2.8,9.4,91.88
26,33.8,17.4,1013.8,52,2.4,2,7.6,139.18
24.5,32.5,15,1014.8,58,2.4,2,7.6,143.2
24.2,32.4,15.8,1016.8,59,2.1,0.6,5.4,168.87
24.2,31,15.6,1016.7,62,1.9,2.4,9.4,121.65
24.1,31,16,1015.3,63,1.6,2.2,10.7,174.04
24.1,31.1,16,1014.3,65,1.6,5,14.4,203.12
24.6,32,16,1012.1,63,1.6,4.1,7.6,205
25.2,31.6,18.5,1011.7,63,1.9,9.4,14.8,263.39
20.3,28,12.5,1015.7,44,3.1,8.3,18.3,236.67
18.6,27.8,10.5,1014.7,58,1.4,1.1,3.5,159.56
21.9,30.2,14.2,1009.6,74,1.3,4.1,9.4,361.98
22.2,29.4,17.6,1011.4,77,2.3,5.4,14.8,175.43
22.2,28.5,16.2,1015.2,67,2.4,4.8,9.4,300.91
19.3,27.9,10.4,1016.4,59,2.9,2,9.4,256.68
19.8,27.2,10.5,1016.3,64,2.1,0.7,5.4,265.06
20.8,28.2,10.7,1018,65,1.9,0.9,5.4,98.53
19.6,28,9,1014.6,56,2.4,2.4,11.1,135.21
18.9,28.1,8.6,1016.7,58,1.9,3.5,9.4,179.79
17.5,25.1,8.8,1015.7,67,1.9,4.8,22.2,209.96
16.5,24.2,7.6,1016.3,70,1.8,2.8,11.1,187.85
17.4,25,8.2,1014.9,66,1.8,1.1,7.6,133.62
15.7,21.4,8,1022.8,74,1.9,5.9,14.8,205.53
15.3,22,8.2,1022.3,78,1.9,5.6,13,205.17
14.8,22.3,5.2,1018.9,67,2.1,4.6,11.1,147.48
12.3,22.4,4,1017.9,74,1.3,1.1,3.5,178.87
11.3,22.3,4.7,1017.7,82,1.1,3,3.5,181.62
12.3,19.4,6.2,1016.8,80,1.3,6.7,25.9,193.81
11.1,20.6,3.6,1015.7,76,1.3,3,9.4,226.35
11.6,21.4,3.4,1017.1,76,1.1,2.4,5.4,274.97
12,22.9,3.8,1021.2,73,0.8,4.8,25.9,94.29
12.8,22.6,4,1020,75,1.3,2,9.4,122.69
13.8,23,6.5,1020.7,79,1.1,0.9,3.5,182.78
13.5,23.4,6.7,1021.3,83,0.6,7.2,22.2,205.22
13.2,20,7.1,1019.9,88,0.8,3.7,9.4,252.2
13.6,20.1,7,1017.5,85,0.8,6.9,14.8,401.58
13.5,20.4,8,1017.2,78,1.4,8.3,25.9,268.2
15.7,22.9,8.5,1019.6,82,1.3,3.1,3.5,290.1
13.3,23.5,8,1019.3,69,2.3,11.3,27.8,248.12
11.2,19.5,6,1018.7,80,1.6,7.2,14.8,319.69
14.8,25.4,5.7,1017.1,79,1.3,2,9.4,331.2
17.5,28.2,7,1015.5,79,1.3,2.2,3.5,246.46
16.4,28.7,11.5,1012.8,87,1.4,14.3,31.7,174.26
13.4,22,9.2,1020.2,87,1.8,4.1,7.6,156.26
12.2,19,6,1022.9,75,2.1,5.7,14.8,165.95
12.9,19.2,5.2,1022.9,73,1.9,16.3,38.9,311.03
15.5,21,8.2,1017.6,78,1.9,8.3,18.3,94.44
16.3,22,11,1018.9,82,1.4,7.6,18.3,271.96
12.9,22.5,8.2,1018.8,92,0.8,10.2,22.2,237.22
13.8,20,9.4,1020.2,88,1.1,9.1,16.5,314.59
16.5,25.1,13.2,1012.4,96,1.6,16.9,46.9,53.25
14.9,20.4,7,1017.2,72,2.1,9.4,18.3,130.59
14.8,20.6,8.4,1019.5,71,2.6,11.3,18.3,101.61
19.3,25,11.4,1017.8,70,1.6,4.6,14.8,126.48
17.7,25.3,13.9,1015.2,88,1.4,11.3,33.5,206.14
17.6,23,11.8,1016.4,83,1.8,8.1,18.3,178.68
18.7,25.8,12,1014.3,78,1.9,5,14.8,131.1
18.3,24.5,14.5,1017.4,86,1.9,5,9.4,256.33
21.6,28,13.2,1015.9,72,2.9,9.4,16.5,65.65
16.2,23.8,9.2,1010.9,74,1.9,3.7,11.1,82.5
15.3,25.4,10.3,1011.2,80,1.9,5.6,14.8,173.61
14.3,21,9.5,1012.2,81,1.9,3.9,11.1,198.26
16.3,23.4,6.8,1015.7,66,1.9,4.4,14.8,123.46
15.2,24.1,12.8,1016.3,91,1.1,5.4,14.8,99.27
17.1,22.4,12.8,1011.8,87,1.9,3.7,11.1,126.12
19.5,26,9,1012,55,2.7,5.7,16.5,73.33
20.4,26.5,10.8,1013.4,60,2.7,5,14.8,56.51
20.6,26.5,12.6,1014.1,59,3.4,7.8,14.8,92.36
18.6,25,11.8,1016.7,71,2.6,7.6,18.3,47.18
20.2,26,10.4,1017.7,64,2.7,6.9,11.1,93.83
24.1,31,12.8,1009.6,58,2.6,3.3,7.6,62.92
26.9,34,15.5,1009.2,51,2.9,5,14.8,68.86
25.6,34.1,16.6,1012.3,44,2.7,3.7,7.6,104.61
24.4,32.1,17.6,1012,55,3.5,8.9,14.8,73.31
24.2,30.4,16.2,1013.7,57,3.2,10.7,24.1,82.17
25.1,31.4,15,1013.3,53,3.5,10.7,25.9,89.17
28.8,39.2,21,1007.6,35,3.7,12.6,27.8,74.88
27.7,34.3,17.6,1008.5,41,3.9,12.4,22.2,93.61
27.6,35,16.2,1008.8,42,3.9,5,14.8,103.77
29.2,37,17.6,1008.1,41,3.5,9.1,18.3,112.29
30.8,37.8,22.4,1006.2,57,1.8,10.7,35.2,55.62
29.4,36,20.2,1006.5,52,2.6,5.9,18.3,65
30.2,37,20.4,1005.5,48,3.2,4.6,11.1,78.37
31.4,38,21.6,1007.8,42,3.7,12.8,25.9,112.67
32.2,38,21.8,1006.8,40,4.5,9.8,14.8,58.96
33.6,40,25.5,1006,36,3.7,9.4,18.3,90.1
27.5,32,18.2,1007.9,50,3.7,9.4,14.8,119.71
29.2,35,19.8,1005.2,46,3.4,5.7,14.8,96.6
31.1,37.2,20.6,1004,41,3.5,9.3,20.6,81.3
34.8,41,25.4,1003.3,26,2.9,11.7,22.2,101.94
34.8,42,23.4,1001.8,30,3.1,8.7,18.3,61.34
34.4,43.7,24.4,999.7,39,2.6,5.4,13,51.51
33.5,41.3,25.8,1002.9,45,2.7,11.9,25.9,59.08
33.5,41.2,21.8,1001.9,40,2.6,10.7,25.9,38.92
35.3,42,23.6,1001.2,38,2.7,11.5,24.1,90.55
36.1,42,26.4,1000.6,38,2.6,13.7,25.9,110.16
33.3,40,25.4,1003.9,52,1.9,8.9,31.7,85.7
30.8,40.2,20.8,1003.9,60,3.1,5.6,14.8,82.37
29.4,36,23,1004.5,72,2.3,8,18.3,76.44
33.7,40,25,1002.4,45,2.6,8,27.8,95.72
29.8,40.4,23.8,1003.8,60,3.2,11.1,25.9,77.72
32.5,37,24.5,1002.6,41,3.7,11.5,25.9,77.96
36.6,43,24.6,998.9,30,4,9.1,18.3,118.9
37.6,44.8,27.6,998.3,40,3.1,7.8,13,143.34
37.3,43.5,30.8,998.4,44,2.7,9.4,18.3,95.07
35.9,42.5,29.4,998.8,47,2.7,11.9,18.3,178.22
35,43.9,26.4,1001.9,46,3.4,7,11.1,58.22
37.9,43,28,1000.5,36,3.1,6.7,16.5,75.45
37.4,44,27.2,996.8,34,2.7,5.6,18.3,44.28
37,41.6,29,997.8,38,3.2,9.8,18.3,93.97
37.6,44,29.2,997.1,29,3.4,11.3,24.1,64.24
37.9,43.7,27.8,997.7,28,2.9,14.4,37,43.86
32.2,37,24.2,1000.3,53,2.9,6.1,11.1,55.13
33.5,39,25.4,1000.9,50,3.5,6.7,13,65.82
35.1,39,28.2,1000.1,50,3.1,5.7,14.8,85.21
35.8,41,29.6,997.5,52,2.7,6.7,18.3,95.4
35.3,41.1,28.6,996.1,49,2.4,8,18.3,66.94
36.8,42.2,30.6,996.3,45,3.1,7.6,14.8,73.35
34.9,41.6,30,996.8,53,2.6,6.5,11.1,54.81
34.9,38.4,30.6,997.5,58,1.9,8.1,11.1,101.05
33.7,37,28.6,994.1,65,2.7,6.7,14.8,118.38
31.6,36.7,28.8,995,70,2.7,9.6,18.3,52.66
35.6,40,31.2,996.7,53,2.6,13.7,27.8,81.86
34.3,39.6,28.4,995.8,58,2.7,11.3,20.6,40.18
29.1,37.7,24,997.1,79,2.4,7.6,27.8,79.96
31.9,36,25,1000.9,69,2.7,5.4,9.4,71.15
30.7,37,26,1001,77,2.4,5.2,27.8,42.06
30.6,36.7,25.6,1000.6,78,2.7,6.3,14.8,53.65
28.7,37.8,25,998.2,81,2.4,7.2,16.5,65.3
28.6,32,26.2,996.7,86,2.1,7.6,14.8,58.08
28.7,32.5,25.4,997.6,88,1.9,8.9,16.5,57.27
31.9,35.1,27.8,999.5,73,3.2,6.7,13,39.99
32.9,37,27.8,998.5,68,3.2,7.8,13,48.6
30.9,36.9,28,998.2,76,2.6,6.9,18.3,38.81
30.1,34.6,27.4,997.9,81,2.1,7.6,18.3,42.56
30.9,35,25.6,995.1,77,2.4,7.2,14.8,76.99
31.5,37.9,28.4,997.4,73,3.4,15.4,27.8,63.18
30.4,35,26.6,1000.9,81,2.9,8.5,18.3,42.04
30.5,35.5,25.6,1000.7,83,2.3,4.3,9.4,32.06
30.6,35,24.8,1000.5,78,2.9,10,24.1,63.02
30.7,34,23.6,1003.7,70,2.7,6.1,14.8,50.57
31.4,35,25.6,1002.5,70,2.6,8.3,16.5,73.08
32,36,24.8,1002.1,69,2.9,8.1,18.3,22.79
29.3,34,26.4,1003.3,81,2.1,6.7,14.8,26.16
32.9,36.4,27.4,1001.5,67,3.1,5.4,13,24.45
33,36.7,29.2,998.8,68,2.6,5.9,11.1,30.22
29.9,37,26.4,1001.5,76,2.6,8,18.3,35.06
32.7,36.4,27.1,1000.8,69,2.7,4.3,11.1,46.69
29.9,37.2,27.2,1000.1,83,1.9,5.9,11.1,30.04
31.9,35.5,26.4,1001,74,2.1,3.9,9.4,27.69
32.2,36,28.3,999.5,70,1.9,3.9,11.1,16.73
32,35,28.8,1004.5,70,2.9,8.3,14.8,20.53
30.7,35.2,27.3,1003.8,78,2.3,5.4,10.7,33.21
29.1,35.1,25.1,1009.5,75,2.7,7.8,14.8,15.52
30.8,35,24.9,1007.5,68,3.1,6.7,13,15.51
28,35.3,24,1007.2,81,2.3,5.4,14.8,41.74
30.2,35,24.5,1011.6,68,2.9,7.2,13,44.16
28.5,34,25.4,1010.3,76,3.1,9.1,14.8,60.71
28.7,33,23.8,1008.3,74,2.9,6.7,11.1,25.06
28.8,34.4,21.4,1010.9,68,2.4,5.2,14.8,42.04
27.7,32.9,22.4,1011.6,61,2.4,8.1,18.3,43.5
27.2,32,20.2,1011.5,58,3.5,6.7,14.8,35.13
27.5,34,20.3,1010.9,60,3.1,3.3,11.1,70.64
27.8,33.2,20.8,1012.2,61,2.3,3.3,9.4,33.9
27.6,34,20.6,1012.6,63,2.3,3.7,9.4,34.98
27.3,34.7,19.8,1014.6,60,2.3,3.7,7.6,56.31
26,32.6,19,1014.2,54,2.3,5.6,14.8,79.6
24.7,32.5,17.2,1011.8,58,2.3,7.2,18.3,33.59
25.2,32.1,18.2,1012.4,61,1.8,3.9,11.1,35.52
24.9,30.9,17.6,1013.1,65,1.9,1.9,5.4,59.14
25.1,31.4,17.4,1012.7,57,1.8,6.9,14.8,21.74
24.7,32,16.8,1011.8,63,1,3,9.4,39.23
25.4,32,17.1,1011.9,66,0.6,1.7,5.4,34.46
24.5,31.7,18.8,1013.8,70,0.6,5,14.8,30.52
23.4,29.5,18.7,1014.6,74,0.6,7.8,14.8,15.66
20.6,32.3,17,1011,80,1,5.6,13,16.91
21.9,30,15.6,1013.7,72,1.4,3.3,11.1,33.92
21.6,30.1,15.6,1013.9,63,1.6,5.4,11.1,57.99
20.3,28.2,13.4,1016,71,0.6,0.9,3.5,39.48
20.2,28.3,15.4,1016.6,81,0.5,2.6,7.6,55.88
21.2,27.6,16,1015.3,75,0.5,1.5,5.4,77.02
19,26.8,12.3,1014.2,71,1.9,4.1,11.1,98.07
19.1,28.2,11.4,1015.1,70,1.9,0.4,3.5,132.57
19.3,28.9,12.5,1016.9,72,1.3,0.7,5.4,133.35
20,26.8,13.7,1016.2,74,1.4,1.1,5.4,121.68
20.7,27.2,16.2,1015.5,70,1.9,4.3,9.4,76.77
20.4,27.9,14.5,1015.5,76,1.4,5.6,9.4,115.16
15.7,23.2,9.4,1017.3,78,1.6,4.1,11.1,122.12
15.4,23.4,8,1017.8,72,1.8,5.6,14.8,129.9
15.4,24.3,9.1,1017.3,66,1.8,5.7,16.5,198.81
15.1,24.2,9.3,1019.1,85,1.3,0.6,25.9,287.56
15.3,24.8,8.7,1019,78,1,1.5,7.6,314.32
14.8,23.8,7.7,1018.3,76,1.1,1.9,7.6,320.26
15.2,21.5,12.4,1014.4,94,1,7.2,11.1,272.3
14.7,18.7,9.7,1020.3,88,1.4,3,5.4,101.09
14.2,19.2,9.8,1020,87,1.3,6.5,11.1,154.14
10.3,18,5.2,1018.8,94,0.3,3.1,7.6,192.35
12.1,17.4,6.4,1016.8,91,0.3,5.7,11.1,384.34
12.6,17.5,8.8,1017.9,90,0.6,5.7,9.4,371.42
8.4,17.2,6,1019.4,93,0.8,8.1,11.1,174.03
8.8,13,5.4,1018.6,85,0.6,4.6,7.6,108.4
8.6,13.6,4.2,1019.6,83,0.6,3.3,7.6,175.19
8.1,14.7,4.8,1021,84,1,4.8,9.4,201.17
10.8,20.2,2.4,1022.1,84,0.6,3.1,13,107.86
13.7,22,4.6,1020.9,80,0.8,2,7.6,114.27
14.4,23,7.6,1018.5,82,1.3,2,7.6,31.03
15,19.1,11.6,1016.2,88,1.3,5.4,7.6,96.96
13.2,19,11,1015.3,99,0.6,5,7.6,141.12
10.4,14.6,7.8,1020.8,89,0.8,6.3,9.4,163.24
14.2,23.4,8,1012.5,85,1,7.8,13,241.69
12.6,19.9,8.6,1016.3,89,1,4.3,9.4,239.98
13.7,19.8,6.4,1016.3,80,1,4.4,9.4,236.4
11,17.7,7,1019.8,87,1,9.8,16.5,284.18
11.9,16.7,8.3,1018.5,89,0.6,5.2,11.1,78.59
13.6,20,9.2,1019.7,87,0.6,3.5,9.4,88.05
11.6,21.1,4.8,1017.1,80,1.6,2.6,5.4,144
14.7,22.6,6.9,1015,73,1.3,5.2,13,316.09
15.5,22.7,8.5,1012.1,79,1,4.3,9.4,146.81
12.9,20.2,7.2,1016,77,1.6,6.7,13,262.69
12.3,19.7,5.7,1019.6,82,1.4,3.3,13,196.97
12.1,19.9,6,1020.3,83,1.1,5.7,13,275.6
12.9,21.2,5.4,1018.5,74,2.1,4.4,13,333.43
12.7,20.4,6.1,1019.7,79,1.1,3.9,7.6,372.14
13.7,20.8,7,1021.5,78,1.4,4.6,14.8,228.9
13.9,22.2,6.6,1021.6,77,1.6,3.1,11.1,170.21
20,27.4,12.3,1015,67,1.8,12,18.3,120.31
18.8,27.8,13.7,1012.8,63,1.8,13.9,18.3,89.26
18.2,25.4,11.5,1013.5,61,1.9,14.1,18.3,151.1
19.1,26.9,8.1,1013.5,70,1.9,8.9,18.3,218.98
21.8,27.2,13.6,1013,68,2.1,12.4,22.2,111.57
16.8,27.5,14.2,1018.3,85,2.6,9.8,16.5,107.65
19.3,26.4,13,1013.6,79,1.4,3.1,9.4,125.04
20.3,27.2,12.7,1014.2,73,1.4,4.3,14.8,222.81
20.7,27.4,13,1014.1,82,1.8,4.6,9.4,74.45
21.9,27.6,14.4,1012.9,77,1.9,3.1,7.6,136.72
21.2,27.8,14.6,1012.4,81,1.9,1.3,5.4,209.97
21.1,28.6,14.3,1010.7,72,1.9,3.7,11.1,77.95
17.3,22.4,13,1015.1,91,1.9,3.9,9.4,92.04
18,24.4,11.1,1015.8,79,1.9,5,11.1,120.86
18.3,25,12.4,1013.1,72,2.7,8.5,18.3,188.42
21.3,28,13.8,1014,63,2.6,5.6,9.4,118.57
18.5,28.3,15.6,1014.8,88,1.9,4.8,9.4,149.67
18.8,25,12,1016.9,78,1.6,4.8,11.1,174.4
23.2,29.8,16,1010.7,73,2.1,4.1,9.4,172.12
24.7,31.2,16.4,1009.5,72,1.9,3.7,7.6,73.84
23.6,31.4,17.8,1010.7,72,2.6,3.1,7.6,132.63
25.6,33,16.8,1010.9,70,3.1,5.6,14.8,125.53
24.1,33.3,19,1012.2,75,1.9,8.7,18.3,98.84
21.7,29.2,17.6,1014.3,80,2.6,7.4,14.8,63.62
24.5,32.2,16,1010.1,54,2.6,6.3,9.4,70.59
25.6,32.6,17.4,1009.9,56,2.3,6.3,9.4,141.81
24.8,32.7,18.4,1011.8,53,3.7,8.3,16.5,83.48
23.2,31,15.4,1011.7,51,3.1,7.2,14.8,42.83
26.7,35.8,17.6,1008.6,50,2.7,8.1,14.8,86.26
25.8,34.2,19.8,1009.9,49,3.5,6.1,13,31.43
24.6,33.5,13.5,1009.9,57,3.5,4.6,11.1,40.96
30.7,37.6,20.6,1007.2,49,3.5,6.7,14.8,58.04
31.1,39.2,23.2,1007.5,55,2.7,2.2,7.6,55.19
31.2,39.7,24,1006.6,40,2.7,5.6,14.8,68.72
27.3,37.3,19,1007,58,3.1,3.9,11.1,60.99
26.4,35.2,20.2,1008.6,58,3.1,5.6,14.8,69.7
27.2,34.2,19.2,1007.9,56,3.5,4.8,9.4,90.62
30.3,38.4,23.8,1004.7,55,4,5.6,11.1,82.39
24.4,37.9,20.4,1008,76,2.3,9.6,18.3,54.26
27.1,33.2,18.9,1010.9,70,2.7,12.8,18.3,37.87
31.8,38.8,24.6,1004.6,64,3.1,8.1,11.1,26.89
31.2,38.8,24.4,1005,65,2.7,10.9,14.8,27.59
27.2,37.9,22.6,1006.7,81,1.9,8.7,14.8,35.31
29.4,36.6,21.6,1006.2,43,3.2,5.4,11.1,28.51
32.2,39.2,23.7,1004.2,45,3.2,5.7,9.4,40.79
33.5,40.4,26.2,1004.8,48,2.3,6.5,11.1,59.91
30.2,37.2,26.2,1005.7,57,1.9,6.3,11.1,29.7
30.8,39.7,23.6,1004.7,55,2.7,7,11.1,57.67
31.8,39.7,23.6,1003.9,41,3.1,7.4,16.5,38.57
32.3,40.7,22.1,1000.1,33,2.6,3.1,11.1,58.22
32.7,40.7,22,999.6,29,3.5,7.2,11.1,69.8
33.2,41.4,24.8,998.5,31,4,7.4,14.8,29.09
36,44.4,27.2,999.7,34,3.1,9.4,22.2,52.86
37.6,45.6,28.2,998.2,30,3.5,10,18.3,58.25
37.5,46,28.4,996.5,26,4,9.4,13,65.91
25.8,34.8,20,1006.9,78,2.6,6.7,14.8,40.24
29.4,35,21,1006.3,66,3.1,3,5.4,41.75
30.9,36.4,24.8,1004.3,56,2.7,8.5,14.8,49.96
30.5,36.9,24.9,1002.6,63,2.7,4.6,9.4,34.67
29.3,36.8,23.2,1001.1,71,1.9,7.4,13,26.63
31.8,37.4,25.2,1000.4,63,1.9,5.2,18.3,58.44
34.3,39.6,26.9,999.9,56,3.2,5.4,13,51.09
32.6,41.5,28.8,998.5,68,1.9,5.9,9.4,44.3
35,40,28,999,57,3.1,8.1,11.1,43.19
35.7,41.2,28.6,996.8,54,3.7,8.3,11.1,56.17
36.6,42.5,29.8,997.8,53,3.2,9.4,11.1,81.87
31.1,41.2,22.4,998.8,71,2.7,9.8,22.2,101.02
31.9,38.1,24.6,998.5,74,3.2,5.9,11.1,67.8
31.8,36.4,26.8,999.1,79,3.2,5.2,18.3,94.37
32.9,37,27.2,998.1,71,3.7,9.4,18.3,55.37
34.8,40,28.2,996.6,63,3.1,13.9,27.8,55.38
34.2,38,28.8,997.9,69,3.2,5.2,9.4,39.07
36,40,30,995.7,64,2.6,7,11.1,23.09
36.2,42,30.4,995.9,63,2.7,10.7,25.9,41.05
30.9,36.2,26.4,1000.6,77,3.5,11.9,18.3,50.62
31.6,36,26.9,1000.4,79,2.3,9.8,18.3,42.43
33.1,38,27.4,996,68,3.1,7.8,11.1,39.99
32.4,37,26.2,997.2,64,3.5,8.1,11.1,64.77
33.9,38.2,27.6,998.5,69,2.3,7.2,14.8,54.69
32.7,38.5,28.8,999.2,73,1.9,8.3,14.8,52.36
29.6,36.4,23.4,998.1,85,1.8,7,13,48.69
28.8,35.2,24.8,997.5,81,2.7,5.2,7.6,34.35
26.3,32.6,23.5,1000.9,93,2.1,6.7,22.2,57.6
31.7,35.4,25.9,1004.8,80,2.6,5.2,9.4,39.7
32.7,36,26.8,1003.2,74,3.2,6.1,16.5,29.02
34.1,38,28.2,1000.8,69,3.7,10.4,18.3,38.37
31.5,34,27.3,1000.7,79,2.4,5.7,9.4,39.8
30.7,36.2,26.8,1000.3,80,2.1,6.9,14.8,44.86
33,37,26.2,997.5,69,3.4,8.5,22.2,54.01
